"Table A.1.1.1 Mainline, no wind, AW0, 40kmph KE",,,,,,
,,,,,,
NO.,,CE,,L Side KE,,R Side KE
,Y0,Z0,Y1,Z1,Y2,Z2
1,0,3850,125.9,3846.3,82.2,3857.2
2,50.9,3850,176.8,3845,133.1,3856.4
3,60.4,3800,185,3794.8,141.9,3806.2
4,284.5,3780.7,408.7,3769.8,365.7,3783.5
5,562.6,3718,685.2,3700.2,642.8,3716.5
6,924.4,3593.2,1043.9,3566.3,1002.7,3586.1
7,1211.6,3463.9,1327.9,3429.7,1288,3452.3
8,1392,3357.1,1505.7,3318.4,1466.8,3342.7
9,1483,3228.1,1593.5,3187.1,1555.8,3212.3
10,1524,2082.3,1606.9,2041.8,1579.8,2065.9
10',1524,2082.3,1606.9,1992.1,1579.8,2016.1
11,1524,1742.7,1599,1652.5,1575,1676.5
12,1504.5,1618.7,1576.6,1528.9,1553.7,1552.8
13,1413,1236.9,1476.4,1278.5,1457.1,1234.1
14,1448,1236.9,1508.5,1277.9,1488.9,1255.9
15,1448,1207.9,1507.9,1120.8,1488.5,1142.9
16,1435.9,1205.3,1495.7,1118.5,1476.3,1140.4
17,1372.5,930.9,1429,844.3,1413.8,888.2
18,1372.5,430.6,1417.9,347,1409.2,387.9
19,0,430.6,45.4,376.8,36.7,401.6
,,,,,,
"Figure A.1.1.1 Mainline,no wind,AW0,40kmph Results",,,,,,
,,,,,,
38,,,,,,
,,,,,,
CRC Boston Red Line Metro Vehicle Clearance Calculation Report,,,,,,
"A.1.2  Mainline, no wind,AW0,50kmph Results",,,,,,
,,,,,,
"Table A.1.2.1 Mainline,no wind,AW0,50kmph KE",,,,,,
,,,,,,
NO.,,CE,,L Side KE,,R Side KE
,Y0,Z0,Y1,Z1,Y2,Z2
1,0,3850,114.7,3847.7,86.8,3863.8
2,50.9,3850,165.6,3846.7,137.7,3863
3,60.4,3800,174.1,3796.5,146.5,3812.9
4,284.5,3780.7,397.8,3772.5,370.3,3790.1
5,562.6,3718,674.6,3704,647.4,3723.1
6,924.4,3593.2,1033.8,3571.7,1007.3,3592.7
7,1211.6,3463.9,1318.4,3436.4,1292.6,3459
8,1392,3357.1,1496.6,3325.8,1471.4,3349.4
9,1483,3228.1,1584.9,3194.9,1560.4,3223.1
10,1524,2082.3,1602.8,2048.3,1585.2,2076.7
10',1524,2082.3,1602.8,1998.5,1585.2,2026.9
11,1524,1742.7,1596.1,1658.9,1580.5,1687.3
12,1504.5,1618.7,1574.2,1535.3,1559.3,1563.6
13,1413,1236.9,1475.3,1272.5,1462.8,1244.7
14,1448,1236.9,1505.6,1272.2,1492.8,1246
15,1448,1207.9,1505,1126.5,1492.4,1152.7
16,1435.9,1205.3,1492.9,1124.1,1480.3,1150.3
17,1372.5,930.9,1429.1,852.2,1418.4,877.7
18,1372.5,430.6,1419.8,351.9,1412,377.4
19,0,430.6,47.3,378.6,39.5,396
,,,,,,
39,,,,,,
,,,,,,
CRC Boston Red Line Metro Vehicle Clearance Calculation Report,,,,,,
,,,,,,
"Figure A.1.2.1 Mainline,no wind,AW0,50kmph Results",,,,,,
,,,,,,
40,,,,,,
,,,,,,
CRC Boston Red Line Metro Vehicle Clearance Calculation Report,,,,,,
"A.1.3  Mainline, no wind,AW0,60kmph Results",,,,,,
,,,,,,
"Table A.1.3.1 Mainline,no wind,AW0,60kmph KE",,,,,,
,,,,,,
NO.,,CE,,L Side KE,,R Side KE
,Y0,Z0,Y1,Z1,Y2,Z2
1,0,3850,89.7,3857.3,68.5,3859.4
2,50.9,3850,140.6,3856.6,119.4,3858.7
3,60.4,3800,149.4,3806.5,128.2,3808.5
4,284.5,3780.7,373.2,3783.9,352,3786.1
5,562.6,3718,650.5,3717.2,629.3,3719.5
6,924.4,3593.2,1010.5,3587.1,989.4,3589.7
7,1211.6,3463.9,1295.8,3453.6,1274.8,3456.4
8,1392,3357.1,1474.7,3344.2,1453.8,3347.1
9,1483,3228.1,1563.9,3213.9,1543.1,3218.4
10,1524,2082.3,1589,2067.5,1571.2,2072.1
10',1524,2082.3,1589,2017.7,1571.2,2022.4
11,1524,1742.7,1584.4,1678.1,1568.1,1694.4
12,1504.5,1618.7,1563.3,1554.4,1547.8,1570.6
13,1413,1236.9,1466.9,1254,1454,1238.4
14,1448,1236.9,1496.7,1254.5,1482.8,1239.2
15,1448,1207.9,1496.3,1144.2,1482.7,1159.6
16,1435.9,1205.3,1484.2,1141.8,1470.6,1157
17,1372.5,930.9,1422.5,868.4,1411.7,883.7
18,1372.5,430.6,1416.4,373.5,1409.8,390.4
19,0,430.6,43.9,390.7,37.3,395.5
,,,,,,
41,,,,,,
,,,,,,
CRC Boston Red Line Metro Vehicle Clearance Calculation Report,,,,,,
,,,,,,
"Figure A.1.3.1 Mainline,no wind,AW0,60kmph Results",,,,,,
,,,,,,
42,,,,,,
,,,,,,
CRC Boston Red Line Metro Vehicle Clearance Calculation Report,,,,,,
"A.1.4  Mainline, no wind,AW0,70kmph Results",,,,,,
,,,,,,
"Table A.1.4.1 Mainline, no wind,AW0,70kmph KE",,,,,,
,,,,,,
NO.,,CE,,L Side KE,,R Side KE
,Y0,Z0,Y1,Z1,Y2,Z2
1,0,3850,63.8,3857.1,55.3,3858.1
2,50.9,3850,114.7,3856.6,106.2,3857.6
3,60.4,3800,123.7,3806.5,115.2,3807.5
4,284.5,3780.7,347.6,3785,339.1,3786
5,562.6,3718,625.1,3719.6,616.6,3720.7
6,924.4,3593.2,985.8,3591.3,977.3,3592.4
7,1211.6,3463.9,1271.8,3464.5,1263.3,3460.4
8,1392,3357.1,1451.2,3356,1442.7,3351.9
9,1483,3228.1,1541.1,3226.1,1532.5,3222
10,1524,2082.3,1572.1,2080,1563.8,2078
10',1524,2082.3,1572.1,2030.2,1563.8,2028.2
11,1524,1742.7,1570.8,1683.8,1561.7,1688.6
12,1504.5,1618.7,1551,1559.9,1541.5,1564.7
13,1413,1236.9,1459.2,1237,1448.7,1232.8
14,1448,1236.9,1489,1249.2,1478.5,1244.4
15,1448,1207.9,1488.9,1149.5,1478.4,1154.4
16,1435.9,1205.3,1476.8,1147,1466.3,1151.8
17,1372.5,930.9,1418.9,884.8,1407.9,889.1
18,1372.5,430.6,1419.3,384.5,1407.6,390.2
19,0,430.6,46.8,384.6,35.1,388
,,,,,,
43,,,,,,
,,,,,,
CRC Boston Red Line Metro Vehicle Clearance Calculation Report,,,,,,
,,,,,,
"Figure A.1.4.1 Mainline,no wind,AW0,70kmph Results",,,,,,
,,,,,,
44,,,,,,
,,,,,,
CRC Boston Red Line Metro Vehicle Clearance Calculation Report,,,,,,
"A.1.5  Mainline, no wind,AW0,80kmph Results",,,,,,
,,,,,,
"Table A.1.5.1 Mainline, no wind,AW0,80kmph KE",,,,,,
,,,,,,
NO.,,CE,,L Side KE,,R Side KE
,Y0,Z0,Y1,Z1,Y2,Z2
1,0,3850,60,3847.2,45.9,3858.4
2,50.9,3850,110.9,3846.9,96.8,3857.9
3,60.4,3800,120.2,3796.9,105.9,3807.8
4,284.5,3780.7,344.2,3776.5,329.8,3786.5
5,562.6,3718,622,3712.4,607.4,3721.3
6,924.4,3593.2,983.2,3585.9,968.1,3593.2
7,1211.6,3463.9,1269.8,3455.1,1254.1,3461.3
8,1392,3357.1,1449.7,3347.5,1433.8,3354.4
9,1483,3228.1,1540.1,3218,1523.9,3224.8
10,1524,2082.3,1576.3,2072,1560.5,2087
10',1524,2082.3,1576.3,2022.3,1560.5,2037.2
11,1524,1742.7,1575,1682.7,1559.8,1697.6
12,1504.5,1618.7,1555,1558.7,1540,1573.7
13,1413,1236.9,1463.4,1237.4,1448.4,1235.5
14,1448,1236.9,1492.5,1250.3,1479.1,1229.2
15,1448,1207.9,1492.4,1148.4,1479.2,1169.5
16,1435.9,1205.3,1480.3,1145.8,1467.2,1166.9
17,1372.5,930.9,1423.2,884.5,1409.1,886.2
18,1372.5,430.6,1423.8,384.2,1411.1,385.9
19,0,430.6,51.3,383.8,38.6,381.7
,,,,,,
45,,,,,,
,,,,,,
CRC Boston Red Line Metro Vehicle Clearance Calculation Report,,,,,,
,,,,,,
"Figure A.1.5.1 Mainline,no wind,AW0,80kmph Results",,,,,,
,,,,,,
46,,,,,,
,,,,,,
CRC Boston Red Line Metro Vehicle Clearance Calculation Report,,,,,,
"A.1.6  Mainline, no wind,AW0,90kmph Results",,,,,,
,,,,,,
"Table A.1.6.1 Mainline, no wind,AW0,90kmph KE",,,,,,
,,,,,,
NO.,,CE,,L Side KE,,R Side KE
,Y0,Z0,Y1,Z1,Y2,Z2
1,0,3850,58.9,3847.2,41.2,3857.4
2,50.9,3850,109.8,3847,92.1,3857
3,60.4,3800,119.1,3797,101.3,3807
4,284.5,3780.7,343.2,3776.7,325.2,3786.2
5,562.6,3718,621,3712.9,602.9,3721.6
6,924.4,3593.2,982.3,3586.5,963.9,3594.4
7,1211.6,3463.9,1269,3456,1250.5,3468.5
8,1392,3357.1,1449,3348.5,1430.6,3361.1
9,1483,3228.1,1539.5,3219.1,1521.2,3231.8
10,1524,2082.3,1578.5,2084.8,1559.3,2085.9
10',1524,2082.3,1578.5,2035,1559.3,2036.1
11,1524,1742.7,1578.5,1695.4,1559.9,1697.1
12,1504.5,1618.7,1559,1571.4,1540.7,1573
13,1413,1236.9,1467.7,1238.1,1450.4,1236.8
14,1448,1236.9,1495.9,1237.7,1480.9,1236.4
15,1448,1207.9,1495.9,1161,1481,1162.3
16,1435.9,1205.3,1483.8,1158.4,1468.9,1159.7
17,1372.5,930.9,1427.5,883.7,1411,885
18,1372.5,430.6,1427.9,383.4,1413.3,392.4
19,0,430.6,55.4,383.3,40.8,385.4
,,,,,,
47,,,,,,
,,,,,,
CRC Boston Red Line Metro Vehicle Clearance Calculation Report,,,,,,
,,,,,,
"Figure A.1.6.1 Mainline,no wind,AW0,90kmph Results",,,,,,
,,,,,,
48,,,,,,
,,,,,,
CRC Boston Red Line Metro Vehicle Clearance Calculation Report,,,,,,
"A.1.7  Mainline, no wind,AW0,100kmph Results",,,,,,
,,,,,,
"Table A.1.7.1 Mainline, no wind,AW0,100kmph KE",,,,,,
,,,,,,
NO.,,CE,,L Side KE,,R Side KE
,Y0,Z0,Y1,Z1,Y2,Z2
1,0,3850,61.7,3854.6,39.7,3857.4
2,50.9,3850,112.6,3854.5,90.6,3857
3,60.4,3800,122,3804.5,99.8,3806.9
4,284.5,3780.7,346.1,3784.6,323.7,3785.9
5,562.6,3718,624,3721.2,601.4,3721
6,924.4,3593.2,985.6,3595.5,962.3,3595.3
7,1211.6,3463.9,1272.5,3465.5,1248.8,3464.4
8,1392,3357.1,1452.7,3358.2,1428.7,3358.8
9,1483,3228.1,1543.4,3229,1519.4,3229.6
10,1524,2082.3,1582.3,2083.1,1559.6,2094.3
10',1524,2082.3,1582.3,2033.4,1559.6,2044.5
11,1524,1742.7,1582.1,1694.6,1560.9,1704.9
12,1504.5,1618.7,1562.6,1570.6,1541.9,1580.9
13,1413,1236.9,1471.2,1238.9,1452.1,1229.1
14,1448,1236.9,1499.2,1238.6,1481.2,1229
15,1448,1207.9,1499.2,1160.1,1481.3,1169.7
16,1435.9,1205.3,1487.1,1157.5,1469.2,1167.1
17,1372.5,930.9,1430.9,882.9,1413.1,892.6
18,1372.5,430.6,1431.3,382.6,1415.6,392.3
19,0,430.6,58.8,382.6,43.1,386.7
,,,,,,
49,,,,,,
,,,,,,
CRC Boston Red Line Metro Vehicle Clearance Calculation Report,,,,,,
,,,,,,
"Figure A.1.7.1 Mainline,no wind,AW0,100kmph Results",,,,,,
,,,,,,
50,,,,,,
,,,,,,
CRC Boston Red Line Metro Vehicle Clearance Calculation Report,,,,,,
,,,,,,
"Appendix A.2 With wind, normal suspension, AW0",,,,,,
,,,,,,
"A.2.1  Mainline, with wind,AW0,40kmph Results",,,,,,
,,,,,,
"Table A.2.1.1 Mainline, with wind,AW0,40kmph KE",,,,,,
,,,,,,
NO.,,CE,,L Side KE,,R Side KE
,Y0,Z0,Y1,Z1,Y2,Z2
1,0,3850,161,3848,48.5,3856.8
2,50.9,3850,211.9,3846.3,99.4,3856.3
3,60.4,3800,219.7,3795.9,108.5,3806.3
4,284.5,3780.7,443.1,3768.7,332.4,3784.8
5,562.6,3718,719,3696.3,609.9,3719.5
6,924.4,3593.2,1076.5,3558.8,970.6,3591.3
7,1211.6,3463.9,1359.2,3419.4,1256.6,3458.6
8,1392,3357.1,1535.9,3306.2,1436.1,3350.2
9,1483,3228.1,1622.4,3174,1526,3220.3
10,1524,2082.3,1623.9,2026.8,1560.3,2085.2
10',1524,2082.3,1623.9,1977,1560.3,2035.4
11,1524,1742.7,1612.3,1637.4,1559.7,1695.8
12,1504.5,1618.7,1588.6,1514.1,1540,1571.9
13,1413,1236.9,1484.4,1289.9,1448,1237.5
14,1448,1236.9,1517.3,1289.6,1479.5,1237.8
15,1448,1207.9,1516.3,1109.1,1479.4,1160.9
16,1435.9,1205.3,1504.1,1106.9,1467.3,1158.4
17,1372.5,930.9,1434.1,833.3,1407.3,884.4
18,1372.5,430.6,1421.9,357.2,1406.9,386.1
19,0,430.6,49.4,377.9,34.4,387.4
,,,,,,
51,,,,,,
,,,,,,
CRC Boston Red Line Metro Vehicle Clearance Calculation Report,,,,,,
,,,,,,
"Figure A.2.1.1 Mainline,with wind,AW0,40kmph Results",,,,,,
,,,,,,
52,,,,,,
,,,,,,
CRC Boston Red Line Metro Vehicle Clearance Calculation Report,,,,,,
"A.2.2  Mainline, with wind,AW0,50kmph Results",,,,,,
,,,,,,
"Table A.2.2.1 Mainline, with wind,AW0,50kmph KE",,,,,,
,,,,,,
NO.,,CE,,L Side KE,,R Side KE
,Y0,Z0,Y1,Z1,Y2,Z2
1,0,3850,157.4,3852.8,65.2,3866.9
2,50.9,3850,208.3,3851,116.1,3866.4
3,60.4,3800,216.1,3800.7,125.2,3816.3
4,284.5,3780.7,439.6,3773.7,349.1,3794.8
5,562.6,3718,715.5,3701.3,626.6,3729.4
6,924.4,3593.2,1073,3564,987.2,3601
7,1211.6,3463.9,1355.8,3424.8,1273.2,3468.9
8,1392,3357.1,1532.6,3311.8,1452.5,3360.3
9,1483,3228.1,1619.2,3179.6,1542.3,3230.4
10,1524,2082.3,1621.3,2032.4,1572.8,2084.2
10',1524,2082.3,1621.3,1982.6,1572.8,2034.4
11,1524,1742.7,1610,1642.9,1569.8,1694.8
12,1504.5,1618.7,1586.6,1519.6,1549.2,1571
13,1413,1236.9,1483.1,1287.1,1454.6,1237.8
14,1448,1236.9,1513.5,1287.3,1484.4,1238.9
15,1448,1207.9,1512.6,1111.4,1484.2,1159.9
16,1435.9,1205.3,1500.4,1109.2,1472.1,1157.4
17,1372.5,930.9,1433.1,836,1411.7,884.4
18,1372.5,430.6,1421.5,343.2,1408.1,387.4
19,0,430.6,49,374.8,35.6,387.9
,,,,,,
53,,,,,,
,,,,,,
CRC Boston Red Line Metro Vehicle Clearance Calculation Report,,,,,,
,,,,,,
"Figure A.2.2.1 Mainline,with wind,AW0,50kmph Results",,,,,,
,,,,,,
54,,,,,,
,,,,,,
CRC Boston Red Line Metro Vehicle Clearance Calculation Report,,,,,,
"A.2.3  Mainline, with wind,AW0,60kmph Results",,,,,,
,,,,,,
"Table A.2.3.1 Mainline, with wind,AW0,60kmph KE",,,,,,
,,,,,,
NO.,,CE,,L Side KE,,R Side KE
,Y0,Z0,Y1,Z1,Y2,Z2
1,0,3850,131.4,3861,67.2,3859.4
2,50.9,3850,182.3,3859.5,118.1,3858.7
3,60.4,3800,190.4,3809.2,127,3808.5
4,284.5,3780.7,413.9,3783.4,350.8,3786.2
5,562.6,3718,690.2,3712.6,628.1,3719.7
6,924.4,3593.2,1048.4,3577.2,988.2,3590
7,1211.6,3463.9,1331.8,3439.5,1273.7,3456.8
8,1392,3357.1,1509.2,3327.4,1452.8,3348.8
9,1483,3228.1,1596.9,3187.7,1542.3,3218.7
10,1524,2082.3,1610.1,2040.9,1570.6,2072.4
10',1524,2082.3,1610.1,1991.1,1570.6,2022.7
11,1524,1742.7,1602.2,1652.7,1567,1683.1
12,1504.5,1618.7,1579.9,1529.2,1546.2,1559.3
13,1413,1236.9,1480,1278.3,1451.7,1247.8
14,1448,1236.9,1510.7,1278.2,1482.4,1247.9
15,1448,1207.9,1510,1120.5,1482.2,1150.8
16,1435.9,1205.3,1497.9,1118.2,1470.1,1148.3
17,1372.5,930.9,1432.8,844.4,1408.9,874.4
18,1372.5,430.6,1422.5,346,1408.5,388.9
19,0,430.6,50,374.8,36,387.8
,,,,,,
55,,,,,,
,,,,,,
CRC Boston Red Line Metro Vehicle Clearance Calculation Report,,,,,,
,,,,,,
"Figure A.2.3.1 Mainline,with wind,AW0,60kmph Results",,,,,,
,,,,,,
56,,,,,,
,,,,,,
CRC Boston Red Line Metro Vehicle Clearance Calculation Report,,,,,,
"A.2.4  Mainline, with wind,AW0,70kmph Results",,,,,,
,,,,,,
"Table A.2.4.1 Mainline, with wind,AW0,70kmph KE",,,,,,
,,,,,,
NO.,,CE,,L Side KE,,R Side KE
,Y0,Z0,Y1,Z1,Y2,Z2
1,0,3850,127,3847.7,55.3,3858.1
2,50.9,3850,177.9,3846.4,106.2,3857.6
3,60.4,3800,186.1,3796.2,115.2,3807.5
4,284.5,3780.7,409.7,3771.2,339.1,3786
5,562.6,3718,686.3,3701.4,616.6,3720.7
6,924.4,3593.2,1045,3567.5,977.3,3592.4
7,1211.6,3463.9,1329.1,3431.2,1263.3,3460.4
8,1392,3357.1,1506.9,3320,1442.7,3351.9
9,1483,3228.1,1594.8,3188.8,1532.5,3222
10,1524,2082.3,1608.8,2043.5,1563.8,2078
10',1524,2082.3,1608.8,1993.8,1563.8,2028.2
11,1524,1742.7,1601.4,1654.2,1561.7,1688.6
12,1504.5,1618.7,1579.2,1530.6,1541.5,1564.7
13,1413,1236.9,1479.5,1277,1448.7,1232.8
14,1448,1236.9,1510,1276.9,1478.5,1244.4
15,1448,1207.9,1509.4,1121.8,1478.4,1154.4
16,1435.9,1205.3,1497.3,1121.6,1466.3,1151.8
17,1372.5,930.9,1432.7,847.6,1407.9,889.1
18,1372.5,430.6,1423.4,352.4,1407.6,390.2
19,0,430.6,50.9,376.2,35.1,388
,,,,,,
57,,,,,,
,,,,,,
CRC Boston Red Line Metro Vehicle Clearance Calculation Report,,,,,,
,,,,,,
"Figure A.2.4.1 Mainline,with wind,AW0,70kmph Results",,,,,,
,,,,,,
58,,,,,,
,,,,,,
CRC Boston Red Line Metro Vehicle Clearance Calculation Report,,,,,,
"A.2.5  Mainline, with wind,AW0,80kmph Results",,,,,,
,,,,,,
"Table A.2.5.1 Mainline, with wind,AW0,80kmph KE",,,,,,
,,,,,,
NO.,,CE,,L Side KE,,R Side KE
,Y0,Z0,Y1,Z1,Y2,Z2
1,0,3850,126.1,3848.2,45.9,3858.4
2,50.9,3850,177,3846.9,96.8,3857.9
3,60.4,3800,185.3,3796.6,105.9,3807.8
4,284.5,3780.7,408.9,3771.6,329.8,3786.5
5,562.6,3718,685.4,3701.8,607.4,3721.3
6,924.4,3593.2,1044,3567.7,968.1,3593.2
7,1211.6,3463.9,1328.1,3431.3,1254.1,3461.3
8,1392,3357.1,1505.9,3320,1433.8,3354.4
9,1483,3228.1,1593.8,3188.8,1523.9,3224.8
10,1524,2082.3,1609.2,2045.7,1560.5,2087
10',1524,2082.3,1609.2,1995.9,1560.5,2037.2
11,1524,1742.7,1602,1656.3,1559.8,1697.6
12,1504.5,1618.7,1580,1532.7,1540,1573.7
13,1413,1236.9,1480.6,1274.9,1447.9,1235.7
14,1448,1236.9,1511.2,1275.4,1476.4,1236.1
15,1448,1207.9,1510.6,1123.3,1476.3,1162.6
16,1435.9,1205.3,1498.4,1121,1464.2,1160.1
17,1372.5,930.9,1433.9,847.8,1407.8,892.7
18,1372.5,430.6,1423.9,347.5,1410.8,392.4
19,0,430.6,51.4,376.2,38.3,385.3
,,,,,,
59,,,,,,
,,,,,,
CRC Boston Red Line Metro Vehicle Clearance Calculation Report,,,,,,
,,,,,,
"Figure A.2.5.1 Mainline,with wind,AW0,80kmph Results",,,,,,
,,,,,,
60,,,,,,
,,,,,,
CRC Boston Red Line Metro Vehicle Clearance Calculation Report,,,,,,
"A.2.6  Mainline, with wind,AW0,90kmph Results",,,,,,
,,,,,,
"Table A.2.6.1 Mainline, with wind,AW0,90kmph KE",,,,,,
,,,,,,
NO.,,CE,,L Side KE,,R Side KE
,Y0,Z0,Y1,Z1,Y2,Z2
1,0,3850,131.4,3847.2,41.2,3857.4
2,50.9,3850,182.3,3846,92.1,3857
3,60.4,3800,190.6,3795.7,101.3,3807
4,284.5,3780.7,414.3,3771.1,325.2,3786.2
5,562.6,3718,690.9,3701.8,602.9,3721.6
6,924.4,3593.2,1049.8,3568.4,963.9,3594.4
7,1211.6,3463.9,1333.9,3432.3,1250.5,3468.5
8,1392,3357.1,1511.8,3321.2,1430.6,3361.1
9,1483,3228.1,1599.8,3190.1,1521.2,3231.8
10,1524,2082.3,1614.4,2043.3,1559.3,2085.9
10',1524,2082.3,1614.4,1993.5,1559.3,2036.1
11,1524,1742.7,1606.7,1653.9,1559.9,1697.1
12,1504.5,1618.7,1584.4,1530.4,1540.7,1573
13,1413,1236.9,1484.5,1277.1,1450.4,1236.8
14,1448,1236.9,1515.1,1277.6,1480.9,1236.4
15,1448,1207.9,1514.4,1121.1,1481,1162.3
16,1435.9,1205.3,1502.3,1118.8,1468.9,1159.7
17,1372.5,930.9,1437.3,845.6,1411,885
18,1372.5,430.6,1427.9,383.4,1413.3,392.4
19,0,430.6,55.4,383.3,40.8,385.4
,,,,,,
61,,,,,,
,,,,,,
CRC Boston Red Line Metro Vehicle Clearance Calculation Report,,,,,,
,,,,,,
"Figure A.2.6.1 Mainline,with wind,AW0,90kmph Results",,,,,,
,,,,,,
62,,,,,,
,,,,,,
CRC Boston Red Line Metro Vehicle Clearance Calculation Report,,,,,,
"A.2.7  Mainline, with wind,AW0,100kmph Results",,,,,,
,,,,,,
"Table A.2.7.1 Mainline, with wind,AW0,100kmph KE",,,,,,
,,,,,,
NO.,,CE,,L Side KE,,R Side KE
,Y0,Z0,Y1,Z1,Y2,Z2
1,0,3850,134.6,3847,39.7,3857.4
2,50.9,3850,185.5,3845.7,90.6,3857
3,60.4,3800,193.9,3795.5,99.8,3806.9
4,284.5,3780.7,417.5,3770.9,323.7,3785.9
5,562.6,3718,694.1,3701.6,601.4,3721
6,924.4,3593.2,1053,3568.1,962.3,3595.3
7,1211.6,3463.9,1337.2,3432,1248.8,3464.4
8,1392,3357.1,1515.1,3320.9,1428.7,3358.8
9,1483,3228.1,1603,3189.7,1519.4,3229.6
10,1524,2082.3,1617.5,2043,1559.6,2094.3
10',1524,2082.3,1617.5,1993.2,1559.6,2044.5
11,1524,1742.7,1609.8,1653.6,1560.9,1704.9
12,1504.5,1618.7,1587.5,1530.1,1541.9,1580.9
13,1413,1236.9,1487.5,1277.5,1452.1,1229.1
14,1448,1236.9,1517.9,1276.5,1481.2,1229
15,1448,1207.9,1517.3,1122.2,1481.3,1169.7
16,1435.9,1205.3,1505.1,1119.9,1469.2,1167.1
17,1372.5,930.9,1440.4,846.7,1413.1,892.6
18,1372.5,430.6,1431.3,382.6,1415.6,392.3
19,0,430.6,58.8,382.6,43.1,386.7
,,,,,,
63,,,,,,
,,,,,,
CRC Boston Red Line Metro Vehicle Clearance Calculation Report,,,,,,
,,,,,,
"Figure A.2.7.1 Mainline,with wind,AW0,100kmph Results",,,,,,
,,,,,,
64,,,,,,
,,,,,,
CRC Boston Red Line Metro Vehicle Clearance Calculation Report,,,,,,
,,,,,,
Appendix B Station Platform Result,,,,,,
,,,,,,
"Appendix B.1 No wind, normal suspension, AW0",,,,,,
,,,,,,
"B.1.1  Platform, no wind,AW0,30kmph Results",,,,,,
,,,,,,
"Table B.1.1.1 Platform, no wind,AW0,30kmph KE",,,,,,
,,,,,,
NO.,,CE,,L Side KE,,R Side KE
,Y0,Z0,Y1,Z1,Y2,Z2
1,0,3850,85.8,3849.5,84.2,3856.6
2,50.9,3850,136.7,3848.7,135.1,3855.8
3,60.4,3800,145.4,3798.6,143.9,3805.7
4,284.5,3780.7,369.2,3775.8,367.7,3783.1
5,562.6,3718,646.4,3708.9,644.9,3716.3
6,924.4,3593.2,1006.3,3578.5,1005,3586.3
7,1211.6,3463.9,1291.6,3444.8,1290.3,3452.8
8,1392,3357.1,1470.4,3335.3,1469.2,3343.3
9,1483,3228.1,1559.4,3204.9,1558.4,3213
10,1524,2082.3,1583.6,2058.4,1583.7,2070.6
10',1524,2082.3,1583.6,2008.7,1583.7,2020.8
11,1524,1742.7,1578.8,1669.1,1580.5,1681.2
12,1504.5,1618.7,1557.6,1545.4,1559.9,1557.4
13,1413,1236.9,1460.9,1263.1,1465.1,1251.4
14,1448,1236.9,1494.1,1262.1,1495.3,1251.1
15,1448,1207.9,1493.7,1136.6,1495.1,1147.6
16,1435.9,1205.3,1481.6,1134.2,1482.9,1145.1
17,1372.5,930.9,1416.4,859.3,1422.1,870.9
18,1372.5,430.6,1410.1,359,1418,370.6
19,0,430.6,37.6,377.6,45.5,383
,,,,,,
"Figure B.1.1.1 Platform,no wind,AW0,30kmph Results",,,,,,
,,,,,,
66,,,,,,
,,,,,,
CRC Boston Red Line Metro Vehicle Clearance Calculation Report,,,,,,
"B.1.2  Platform, no wind,AW0,35kmph Results",,,,,,
,,,,,,
"Table B.1.2.1 Platform, no wind,AW0,35kmph KE",,,,,,
,,,,,,
NO.,,CE,,L Side KE,,R Side KE
,Y0,Z0,Y1,Z1,Y2,Z2
1,0,3850,100,3847.5,87.1,3854.6
2,50.9,3850,150.9,3846.6,138,3853.9
3,60.4,3800,159.5,3796.5,146.8,3803.7
4,284.5,3780.7,383.3,3773.1,370.6,3781.4
5,562.6,3718,660.3,3705.4,647.9,3715
6,924.4,3593.2,1019.8,3574,1008.1,3585.3
7,1211.6,3463.9,1304.8,3439.5,1293.6,3452.2
8,1392,3357.1,1483.3,3329.5,1472.6,3343
9,1483,3228.1,1572,3198.8,1561.9,3212.7
10,1524,2082.3,1593,2052.3,1588.3,2066.4
10',1524,2082.3,1593,2002.5,1588.3,2016.6
11,1524,1742.7,1587.3,1662.9,1584.1,1677
12,1504.5,1618.7,1565.7,1539.3,1563.1,1553.3
13,1413,1236.9,1467.9,1268.8,1467.1,1255.2
14,1448,1236.9,1500.6,1267.9,1497.2,1254.7
15,1448,1207.9,1500.2,1130.9,1496.9,1144
16,1435.9,1205.3,1488,1128.5,1484.8,1141.6
17,1372.5,930.9,1422.5,853.8,1423.1,867.2
18,1372.5,430.6,1414.5,353.5,1417.4,366.9
19,0,430.6,42,376.5,44.9,383.6
,,,,,,
67,,,,,,
,,,,,,
CRC Boston Red Line Metro Vehicle Clearance Calculation Report,,,,,,
,,,,,,
"Figure B.1.2.1 Platform,no wind,AW0,35kmph Results",,,,,,
,,,,,,
68,,,,,,
,,,,,,
CRC Boston Red Line Metro Vehicle Clearance Calculation Report,,,,,,
"B.1.3  Platform, no wind,AW0,40kmph Results",,,,,,
,,,,,,
"Table B.1.3.1 Platform, no wind,AW0,40kmph KE",,,,,,
,,,,,,
NO.,,CE,,L Side KE,,R Side KE
,Y0,Z0,Y1,Z1,Y2,Z2
1,0,3850,112,3846.3,90.4,3858.4
2,50.9,3850,162.9,3845.2,141.3,3857.5
3,60.4,3800,171.4,3795,149.9,3807.4
4,284.5,3780.7,395.1,3771.1,373.7,3784.1
5,562.6,3718,671.9,3702.6,650.7,3716.6
6,924.4,3593.2,1031.1,3570.3,1010.4,3585.4
7,1211.6,3463.9,1315.7,3435,1295.4,3450.8
8,1392,3357.1,1493.9,3324.4,1474.1,3340.9
9,1483,3228.1,1582.3,3193.5,1563,3210.4
10,1524,2082.3,1600.2,2046.9,1585.8,2081.8
10',1524,2082.3,1600.2,1997.1,1585.8,2032.1
11,1524,1742.7,1593.5,1657.5,1581.1,1692.5
12,1504.5,1618.7,1571.5,1533.9,1559.9,1568.8
13,1413,1236.9,1472.7,1273.9,1463.3,1239.6
14,1448,1236.9,1504.7,1271.9,1494.6,1241.2
15,1448,1207.9,1504.2,1126.8,1494.2,1157.5
16,1435.9,1205.3,1492,1124.5,1482.1,1155.1
17,1372.5,930.9,1426.4,848.8,1418.8,882.9
18,1372.5,430.6,1417.1,349.7,1412.4,382.6
19,0,430.6,44.6,376,39.9,401.4
,,,,,,
69,,,,,,
,,,,,,
CRC Boston Red Line Metro Vehicle Clearance Calculation Report,,,,,,
,,,,,,
"Figure B.1.3.1 Platform,no wind,AW0,40kmph Results",,,,,,
,,,,,,
70,,,,,,
,,,,,,
CRC Boston Red Line Metro Vehicle Clearance Calculation Report,,,,,,
"B.1.4  Platform, no wind,AW0,45kmph Results",,,,,,
,,,,,,
"Table B.1.4.1 Platform, no wind,AW0,45kmph KE",,,,,,
,,,,,,
NO.,,CE,,L Side KE,,R Side KE
,Y0,Z0,Y1,Z1,Y2,Z2
1,0,3850,113.6,3846.4,94.9,3868.2
2,50.9,3850,164.5,3845.3,145.8,3867.4
3,60.4,3800,173,3795.1,154.5,3817.2
4,284.5,3780.7,396.7,3771.2,378.3,3794.2
5,562.6,3718,673.5,3702.7,655.4,3726.9
6,924.4,3593.2,1032.8,3570.4,1015.1,3596
7,1211.6,3463.9,1317.3,3435.1,1300.2,3462
8,1392,3357.1,1495.6,3324.6,1478.9,3352.2
9,1483,3228.1,1583.9,3193.7,1567.8,3221.7
10,1524,2082.3,1601.9,2047,1590.5,2075.2
10',1524,2082.3,1601.9,1997.3,1590.5,2025.4
11,1524,1742.7,1595.2,1657.7,1585.2,1685.8
12,1504.5,1618.7,1573.3,1534.1,1563.8,1562.1
13,1413,1236.9,1474.5,1273.7,1466.6,1246.1
14,1448,1236.9,1505.5,1273.1,1497.7,1245.1
15,1448,1207.9,1504.9,1125.6,1497.2,1153.6
16,1435.9,1205.3,1492.8,1123.3,1485.1,1151.2
17,1372.5,930.9,1428.3,848.9,1421.6,876.4
18,1372.5,430.6,1419,348.6,1414.3,376.1
19,0,430.6,46.5,375.4,41.8,397.2
,,,,,,
71,,,,,,
,,,,,,
CRC Boston Red Line Metro Vehicle Clearance Calculation Report,,,,,,
,,,,,,
"Figure B.1.4.1 Platform,no wind,AW0,45kmph Results",,,,,,
,,,,,,
72,,,,,,
,,,,,,
CRC Boston Red Line Metro Vehicle Clearance Calculation Report,,,,,,
,,,,,,
"Appendix B.2 With wind, normal suspension, AW0",,,,,,
,,,,,,
"B.2.1  Platform, with wind,AW0,30kmph Results",,,,,,
,,,,,,
"Table B.2.1.1 Platform, with wind,AW0,30kmph KE",,,,,,
,,,,,,
NO.,,CE,,L Side KE,,R Side KE
,Y0,Z0,Y1,Z1,Y2,Z2
1,0,3850,125,3853.7,24.8,3856.3
2,50.9,3850,175.9,3852.4,75.7,3856.1
3,60.4,3800,184.1,3802.1,85,3806.1
4,284.5,3780.7,407.7,3777,309.1,3784.6
5,562.6,3718,684.2,3707.1,587,3721
6,924.4,3593.2,1042.8,3572.9,948.5,3595.2
7,1211.6,3463.9,1326.7,3436.2,1235.3,3465
8,1392,3357.1,1504.4,3324.7,1415.5,3357.7
9,1483,3228.1,1592.1,3193.3,1506.1,3228.4
10,1524,2082.3,1604.5,2046.3,1544.4,2082.5
10',1524,2082.3,1604.5,1996.5,1544.4,2032.7
11,1524,1742.7,1596.3,1656.9,1543.8,1693.1
12,1504.5,1618.7,1573.9,1533.7,1524.1,1569.1
13,1413,1236.9,1473.7,1273.8,1432.1,1240.3
14,1448,1236.9,1507,1273.5,1464.2,1240.4
15,1448,1207.9,1506.3,1125.2,1464.2,1158.3
16,1435.9,1205.3,1494.2,1122.9,1452.1,1155.8
17,1372.5,930.9,1426.6,857,1392.2,889.6
18,1372.5,430.6,1419.6,359.8,1395,390.3
19,0,430.6,47.1,377.7,22.5,383.5
,,,,,,
73,,,,,,
,,,,,,
CRC Boston Red Line Metro Vehicle Clearance Calculation Report,,,,,,
,,,,,,
"Figure B.2.1.1 Platform,with wind,AW0,30kmph Results",,,,,,
,,,,,,
74,,,,,,
,,,,,,
CRC Boston Red Line Metro Vehicle Clearance Calculation Report,,,,,,
"B.2.2  Platform, with wind,AW0,35kmph Results",,,,,,
,,,,,,
"Table B.2.2.1 Platform, with wind,AW0,35kmph KE",,,,,,
,,,,,,
NO.,,CE,,L Side KE,,R Side KE
,Y0,Z0,Y1,Z1,Y2,Z2
1,0,3850,150.4,3849.9,45.6,3854.9
2,50.9,3850,201.3,3848.2,96.5,3854.5
3,60.4,3800,209.2,3797.9,105.7,3804.5
4,284.5,3780.7,432.7,3771.4,329.7,3783.8
5,562.6,3718,708.8,3699.7,607.5,3719.5
6,924.4,3593.2,1066.6,3563.2,968.6,3592.5
7,1211.6,3463.9,1349.7,3424.7,1255,3461.5
8,1392,3357.1,1526.6,3312,1434.8,3353.6
9,1483,3228.1,1613.5,3180.1,1525.1,3224.1
10,1524,2082.3,1618.3,2033,1560,2078
10',1524,2082.3,1618.3,1983.2,1560,2028.3
11,1524,1742.7,1607.7,1643.6,1558.3,1688.7
12,1504.5,1618.7,1584.4,1520.2,1538.2,1564.8
13,1413,1236.9,1481.2,1286.4,1445.1,1244.4
14,1448,1236.9,1514.3,1286.3,1475.1,1243.9
15,1448,1207.9,1513.4,1112.4,1475,1154.8
16,1435.9,1205.3,1501.2,1110.2,1462.9,1152.2
17,1372.5,930.9,1431.7,836.7,1403.4,877.7
18,1372.5,430.6,1421.1,354.3,1401.7,378.4
19,0,430.6,48.6,377.9,29.2,383.9
,,,,,,
75,,,,,,
,,,,,,
CRC Boston Red Line Metro Vehicle Clearance Calculation Report,,,,,,
,,,,,,
"Figure B.2.2.1 Platform,with wind,AW0,35kmph Results",,,,,,
,,,,,,
76,,,,,,
,,,,,,
CRC Boston Red Line Metro Vehicle Clearance Calculation Report,,,,,,
"B.2.3  Platform, with wind,AW0,40kmph Results",,,,,,
,,,,,,
"Table B.2.3.1 Platform, with wind,AW0,40kmph KE",,,,,,
,,,,,,
NO.,,CE,,L Side KE,,R Side KE
,Y0,Z0,Y1,Z1,Y2,Z2
1,0,3850,151.1,3847.1,60.1,3857
2,50.9,3850,202,3845.4,111,3856.4
3,60.4,3800,209.9,3795.1,119.9,3806.3
4,284.5,3780.7,433.4,3768.5,343.8,3784.5
5,562.6,3718,709.4,3696.6,621.2,3718.7
6,924.4,3593.2,1067.2,3560,981.7,3589.8
7,1211.6,3463.9,1350.2,3421.2,1267.5,3457.3
8,1392,3357.1,1527.1,3308.5,1446.7,3348.5
9,1483,3228.1,1613.9,3176.5,1536.3,3218.5
10,1524,2082.3,1618.3,2031.5,1565.2,2072.2
10',1524,2082.3,1618.3,1981.7,1565.2,2022.4
11,1524,1742.7,1607.9,1642.1,1561.8,1682.8
12,1504.5,1618.7,1584.6,1518.8,1541,1559.1
13,1413,1236.9,1481.5,1288,1448.1,1237.6
14,1448,1236.9,1514.3,1283.9,1479.5,1237.8
15,1448,1207.9,1513.5,1114.8,1479.5,1160.9
16,1435.9,1205.3,1501.3,1112.5,1467.4,1158.3
17,1372.5,930.9,1432.4,838.7,1407.3,884.4
18,1372.5,430.6,1418.8,343.1,1407,386.1
19,0,430.6,46.3,378.9,34.5,387.4
,,,,,,
77,,,,,,
,,,,,,
CRC Boston Red Line Metro Vehicle Clearance Calculation Report,,,,,,
,,,,,,
"Figure B.2.3.1 Platform,with wind,AW0,40kmph Results",,,,,,
,,,,,,
78,,,,,,
,,,,,,
CRC Boston Red Line Metro Vehicle Clearance Calculation Report,,,,,,
"B.2.4  Platform, with wind,AW0,45kmph Results",,,,,,
,,,,,,
"Table B.2.4.1 Platform, with wind,AW0,45kmph KE",,,,,,
,,,,,,
NO.,,CE,,L Side KE,,R Side KE
,Y0,Z0,Y1,Z1,Y2,Z2
1,0,3850,146.8,3846.2,69.6,3858.7
2,50.9,3850,197.7,3844.7,120.5,3857.9
3,60.4,3800,205.7,3794.4,129.3,3807.8
4,284.5,3780.7,429.2,3768.2,353.1,3785.3
5,562.6,3718,705.4,3697,630.4,3718.7
6,924.4,3593.2,1063.4,3561,990.4,3588.8
7,1211.6,3463.9,1346.7,3422.9,1275.9,3455.4
8,1392,3357.1,1523.8,3310.6,1454.8,3346
9,1483,3228.1,1610.9,3178.8,1544,3215.7
10,1524,2082.3,1617.5,2031.7,1573.5,2087.7
10',1524,2082.3,1617.5,1982,1573.5,2037.9
11,1524,1742.7,1607.4,1642.4,1570.5,1698.3
12,1504.5,1618.7,1584.3,1519,1549.9,1574.5
13,1413,1236.9,1482.3,1285.6,1455.1,1234.3
14,1448,1236.9,1513.8,1285.1,1485.8,1235.6
15,1448,1207.9,1513,1113.6,1485.6,1163.1
16,1435.9,1205.3,1500.9,1111.3,1473.5,1160.6
17,1372.5,930.9,1433.4,837.4,1412.1,888
18,1372.5,430.6,1420.4,341.4,1408.5,386.4
19,0,430.6,47.9,376,36,397.5
,,,,,,
79,,,,,,
,,,,,,
CRC Boston Red Line Metro Vehicle Clearance Calculation Report,,,,,,
,,,,,,
"Figure B.2.4.1 Platform,with wind,AW0,45kmph Results",,,,,,
,,,,,,
80,,,,,,
,,,,,,
CRC Boston Red Line Metro Vehicle Clearance Calculation Report,,,,,,
,,,,,,
Appendix C Depot Line Result,,,,,,
,,,,,,
"Appendix C.1 No wind, normal suspension, AW0",,,,,,
,,,,,,
"C.1.1  Deport, no wind,AW0,15kmph Results",,,,,,
,,,,,,
"Table C.1.1.1 Deport, no wind,AW0,15kmph KE",,,,,,
,,,,,,
NO.,,CE,,L Side KE,,R Side KE
,Y0,Z0,Y1,Z1,Y2,Z2
1,0,3850,62.6,3854,24.3,3855.3
2,50.9,3850,113.5,3853.6,75.2,3855.1
3,60.4,3800,122.6,3803.5,84.5,3805.1
4,284.5,3780.7,346.6,3782.4,308.5,3784.9
5,562.6,3718,624.2,3717.3,586.4,3721.1
6,924.4,3593.2,985,3589.5,947.8,3594.9
7,1211.6,3463.9,1271.1,3458.1,1234.5,3464.5
8,1392,3357.1,1450.7,3349.8,1414.5,3357
9,1483,3228.1,1540.7,3220.1,1505.1,3227.7
10,1524,2082.3,1573,2073.9,1542.4,2081.7
10',1524,2082.3,1573,2024.2,1542.4,2031.9
11,1524,1742.7,1570.5,1684.6,1541.4,1692.3
12,1504.5,1618.7,1550.2,1560.7,1521.6,1568.4
13,1413,1236.9,1456.1,1247.9,1429.2,1240.9
14,1448,1236.9,1487.7,1248.6,1462.8,1240.9
15,1448,1207.9,1487.5,1150.1,1462.7,1157.8
16,1435.9,1205.3,1475.4,1147.6,1450.6,1155.2
17,1372.5,930.9,1413.8,874.3,1388.2,881
18,1372.5,430.6,1410.8,374,1389.9,385.7
19,0,430.6,38.3,383.4,17.4,380.4
,,,,,,
"Figure C.1.1.1 Deport,no wind,AW0,15kmph Results",,,,,,
,,,,,,
82,,,,,,
,,,,,,
CRC Boston Red Line Metro Vehicle Clearance Calculation Report,,,,,,
"C.1.2  Deport, no wind,AW0,20kmph Results",,,,,,
,,,,,,
"Table C.1.2.1 Deport, no wind,AW0,20kmph KE",,,,,,
,,,,,,
NO.,,CE,,L Side KE,,R Side KE
,Y0,Z0,Y1,Z1,Y2,Z2
1,0,3850,66.2,3853.9,23.7,3860.5
2,50.9,3850,117.1,3853.4,74.6,3860.3
3,60.4,3800,126.2,3803.3,84,3810.2
4,284.5,3780.7,350.1,3782,308,3790.1
5,562.6,3718,627.7,3716.7,585.9,3726.3
6,924.4,3593.2,988.4,3588.7,947.2,3600.1
7,1211.6,3463.9,1274.5,3456.8,1234,3469.7
8,1392,3357.1,1453.9,3348.3,1414,3362.2
9,1483,3228.1,1543.8,3218.5,1504.5,3232.8
10,1524,2082.3,1575.1,2072.3,1541.9,2081.3
10',1524,2082.3,1575.1,2022.6,1541.9,2031.5
11,1524,1742.7,1572.4,1683,1541,1691.9
12,1504.5,1618.7,1552,1559.1,1521.2,1568
13,1413,1236.9,1457.6,1249.7,1429.2,1237.1
14,1448,1236.9,1489.2,1250.1,1462.5,1241.6
15,1448,1207.9,1489,1148.6,1462.4,1157.1
16,1435.9,1205.3,1476.9,1146.1,1450.3,1154.6
17,1372.5,930.9,1415,872.4,1389.8,884.6
18,1372.5,430.6,1411.5,372.1,1391.8,384.1
19,0,430.6,39,382.9,19.3,380
,,,,,,
83,,,,,,
,,,,,,
CRC Boston Red Line Metro Vehicle Clearance Calculation Report,,,,,,
,,,,,,
"Figure C.1.2.1 Deport,no wind,AW0,20kmph Results",,,,,,
,,,,,,
84,,,,,,
,,,,,,
CRC Boston Red Line Metro Vehicle Clearance Calculation Report,,,,,,
"C.1.3  Deport, no wind,AW0,25kmph Results",,,,,,
,,,,,,
"Table C.1.3.1 Deport, no wind,AW0,25kmph KE",,,,,,
,,,,,,
NO.,,CE,,L Side KE,,R Side KE
,Y0,Z0,Y1,Z1,Y2,Z2
1,0,3850,65.6,3854.1,28.1,3860.4
2,50.9,3850,116.5,3853.6,79,3860.1
3,60.4,3800,125.6,3803.6,88.3,3810.1
4,284.5,3780.7,349.6,3782.3,312.3,3789.7
5,562.6,3718,627.1,3717.1,590.1,3725.7
6,924.4,3593.2,987.9,3589.1,951.4,3599.2
7,1211.6,3463.9,1274,3457.3,1238,3468.6
8,1392,3357.1,1453.4,3348.9,1418,3361
9,1483,3228.1,1543.4,3219.1,1508.4,3232.2
10,1524,2082.3,1574.9,2072.9,1544.9,2086.2
10',1524,2082.3,1574.9,2023.1,1544.9,2036.5
11,1524,1742.7,1572.3,1683.5,1543.7,1696.9
12,1504.5,1618.7,1551.9,1559.7,1523.8,1573.8
13,1413,1236.9,1457.6,1249.2,1431.3,1234.5
14,1448,1236.9,1489.2,1249.5,1464.5,1236.5
15,1448,1207.9,1489,1149.2,1464.4,1163.1
16,1435.9,1205.3,1476.9,1146.7,1452.3,1160.5
17,1372.5,930.9,1415,873,1390.8,884.2
18,1372.5,430.6,1411.7,372.7,1392.6,383.9
19,0,430.6,39.2,383.1,20.1,380.4
,,,,,,
85,,,,,,
,,,,,,
CRC Boston Red Line Metro Vehicle Clearance Calculation Report,,,,,,
,,,,,,
"Figure C.1.3.1 Deport,no wind,AW0,25kmph Results",,,,,,
,,,,,,
86,,,,,,
,,,,,,
CRC Boston Red Line Metro Vehicle Clearance Calculation Report,,,,,,
"C.1.4  Deport, no wind,AW0,30kmph Results",,,,,,
,,,,,,
"Table C.1.4.1 Deport, no wind,AW0,30kmph KE",,,,,,
,,,,,,
NO.,,CE,,L Side KE,,R Side KE
,Y0,Z0,Y1,Z1,Y2,Z2
1,0,3850,70.7,3858.1,33.1,3861.2
2,50.9,3850,121.6,3857.5,84,3860.9
3,60.4,3800,130.6,3807.4,93.2,3810.8
4,284.5,3780.7,354.5,3785.8,317.2,3790.3
5,562.6,3718,631.9,3720.7,595,3726
6,924.4,3593.2,992.6,3592.3,956.1,3599.2
7,1211.6,3463.9,1278.5,3460.1,1242.6,3468.3
8,1392,3357.1,1457.9,3351.5,1422.5,3360.5
9,1483,3228.1,1547.7,3221.6,1512.8,3230.9
10,1524,2082.3,1578,2075.4,1548.2,2085.9
10',1524,2082.3,1578,2025.7,1548.2,2036.1
11,1524,1742.7,1575,1686.1,1546.7,1696.5
12,1504.5,1618.7,1554.5,1562.3,1526.7,1572.6
13,1413,1236.9,1459.8,1246.5,1433.8,1235.5
14,1448,1236.9,1491.6,1247.2,1467.1,1236.7
15,1448,1207.9,1491.4,1151.6,1467,1162
16,1435.9,1205.3,1479.3,1149.1,1454.9,1159.5
17,1372.5,930.9,1416.9,875.7,1392.5,887.8
18,1372.5,430.6,1413,375.4,1391.9,383.7
19,0,430.6,40.5,387.3,19.4,380.9
,,,,,,
87,,,,,,
,,,,,,
CRC Boston Red Line Metro Vehicle Clearance Calculation Report,,,,,,
,,,,,,
"Figure C.1.4.1 Deport,no wind,AW0,30kmph Results",,,,,,
,,,,,,
88,,,,,,
,,,,,,
CRC Boston Red Line Metro Vehicle Clearance Calculation Report,,,,,,
,,,,,,
"Appendix C.2 With wind, normal suspension, AW0",,,,,,
,,,,,,
"C.2.1  Deport, with wind,AW0,15kmph Results",,,,,,
,,,,,,
"Table C.2.1.1 Deport, with wind,AW0,15kmph KE",,,,,,
,,,,,,
NO.,,CE,,L Side KE,,R Side KE
,Y0,Z0,Y1,Z1,Y2,Z2
1,0,3850,101,3854.2,24.3,3855.3
2,50.9,3850,151.9,3853.3,75.2,3855.1
3,60.4,3800,160.6,3803.1,84.5,3805.1
4,284.5,3780.7,384.3,3779.8,308.5,3784.9
5,562.6,3718,661.3,3712,586.4,3721.1
6,924.4,3593.2,1020.9,3581,947.8,3594.9
7,1211.6,3463.9,1305.8,3446.5,1234.5,3464.5
8,1392,3357.1,1484.3,3336.5,1414.5,3357
9,1483,3228.1,1573.1,3205.9,1505.1,3227.7
10,1524,2082.3,1594.2,2059.3,1542.4,2081.7
10',1524,2082.3,1594.2,2009.6,1542.4,2031.9
11,1524,1742.7,1588.6,1670.4,1541.4,1692.3
12,1504.5,1618.7,1567,1546.7,1521.6,1568.4
13,1413,1236.9,1469.3,1261.4,1429.2,1240.9
14,1448,1236.9,1500.9,1262.1,1462.8,1240.9
15,1448,1207.9,1500.5,1136.6,1462.7,1157.8
16,1435.9,1205.3,1488.3,1134.2,1450.6,1155.2
17,1372.5,930.9,1424,861.2,1388.2,881
18,1372.5,430.6,1416.2,361.2,1387.3,380.6
19,0,430.6,43.7,383.7,14.8,384.1
,,,,,,
"Figure C.2.1.1 Deport,with wind,AW0,15kmph Results",,,,,,
,,,,,,
90,,,,,,
,,,,,,
CRC Boston Red Line Metro Vehicle Clearance Calculation Report,,,,,,
"C.2.2  Deport, with wind,AW0,20kmph Results",,,,,,
,,,,,,
"Table C.2.2.1 Deport, with wind,AW0,20kmph KE",,,,,,
,,,,,,
NO.,,CE,,L Side KE,,R Side KE
,Y0,Z0,Y1,Z1,Y2,Z2
1,0,3850,106.6,3853.9,23.7,3854.8
2,50.9,3850,157.5,3852.9,74.6,3854.6
3,60.4,3800,166,3802.7,83.9,3804.6
4,284.5,3780.7,389.8,3779,307.9,3784.4
5,562.6,3718,666.7,3710.9,585.8,3720.7
6,924.4,3593.2,1026.1,3579,947.2,3594.5
7,1211.6,3463.9,1310.8,3444.1,1233.9,3464.1
8,1392,3357.1,1489.1,3333.7,1414,3356.6
9,1483,3228.1,1577.7,3203,1504.5,3227.3
10,1524,2082.3,1597.2,2056.9,1541.9,2081.3
10',1524,2082.3,1597.2,2007.1,1541.9,2031.5
11,1524,1742.7,1591,1667.5,1541,1691.9
12,1504.5,1618.7,1569.2,1543.9,1521.2,1568
13,1413,1236.9,1470.9,1264,1428.9,1241.7
14,1448,1236.9,1502.6,1264.8,1462.5,1241.6
15,1448,1207.9,1502.1,1134,1462.4,1157.1
16,1435.9,1205.3,1490,1131.6,1450.3,1154.6
17,1372.5,930.9,1425.1,858.6,1387.8,880.3
18,1372.5,430.6,1416.6,358.9,1387,379.7
19,0,430.6,44.1,383.4,14.5,382.9
,,,,,,
91,,,,,,
,,,,,,
CRC Boston Red Line Metro Vehicle Clearance Calculation Report,,,,,,
,,,,,,
"Figure C.2.2.1 Deport,with wind,AW0,20kmph Results",,,,,,
,,,,,,
92,,,,,,
,,,,,,
CRC Boston Red Line Metro Vehicle Clearance Calculation Report,,,,,,
"C.2.3  Deport, with wind,AW0,25kmph Results",,,,,,
,,,,,,
"Table C.2.3.1 Deport, with wind,AW0,25kmph KE",,,,,,
,,,,,,
NO.,,CE,,L Side KE,,R Side KE
,Y0,Z0,Y1,Z1,Y2,Z2
1,0,3850,112.2,3854,23.8,3850.3
2,50.9,3850,163.1,3853,74.7,3850.1
3,60.4,3800,171.6,3802.8,84,3800
4,284.5,3780.7,395.3,3778.8,308,3779.7
5,562.6,3718,672.1,3710.3,585.9,3715.7
6,924.4,3593.2,1031.3,3577.9,947.1,3589.2
7,1211.6,3463.9,1315.9,3442.6,1233.8,3458.6
8,1392,3357.1,1494.1,3332,1413.7,3350.9
9,1483,3228.1,1582.4,3201.1,1504.2,3228.2
10,1524,2082.3,1600.2,2054.5,1541.7,2082.3
10',1524,2082.3,1600.2,2004.7,1541.7,2032.5
11,1524,1742.7,1593.5,1665.1,1540.9,1692.9
12,1504.5,1618.7,1571.6,1541.5,1521.1,1569
13,1413,1236.9,1472.7,1266.3,1428.8,1240.6
14,1448,1236.9,1504.4,1267.1,1462.2,1241.1
15,1448,1207.9,1503.9,1131.7,1462.1,1157.6
16,1435.9,1205.3,1491.7,1129.3,1450,1155.1
17,1372.5,930.9,1426.4,856.4,1387.9,881.3
18,1372.5,430.6,1417,356.1,1387.2,380.8
19,0,430.6,44.5,383,14.7,383.7
,,,,,,
93,,,,,,
,,,,,,
CRC Boston Red Line Metro Vehicle Clearance Calculation Report,,,,,,
,,,,,,
"Figure C.2.3.1 Deport,with wind,AW0,25kmph Results",,,,,,
,,,,,,
94,,,,,,
,,,,,,
CRC Boston Red Line Metro Vehicle Clearance Calculation Report,,,,,,
"C.2.4  Deport, with wind,AW0,30kmph Results",,,,,,
,,,,,,
"Table C.2.4.1 Deport, with wind,AW0,30kmph KE",,,,,,
,,,,,,
NO.,,CE,,L Side KE,,R Side KE
,Y0,Z0,Y1,Z1,Y2,Z2
1,0,3850,113.2,3853.2,33.1,3861.2
2,50.9,3850,164.1,3852,84,3860.9
3,60.4,3800,172.4,3801.8,93.2,3810.8
4,284.5,3780.7,396.1,3777,317.2,3790.3
5,562.6,3718,672.7,3707.6,595,3726
6,924.4,3593.2,1031.5,3574.1,956.1,3599.2
7,1211.6,3463.9,1315.6,3437.8,1242.6,3468.3
8,1392,3357.1,1493.5,3326.6,1422.5,3360.5
9,1483,3228.1,1581.4,3195.4,1512.8,3230.9
10,1524,2082.3,1598,2061.3,1548.2,2085.9
10',1524,2082.3,1598,2011.5,1548.2,2036.1
11,1524,1742.7,1591.8,1671.9,1546.7,1696.5
12,1504.5,1618.7,1570.1,1548.3,1526.7,1572.6
13,1413,1236.9,1471.9,1259.6,1433.8,1235.5
14,1448,1236.9,1503.9,1260.6,1467.1,1236.7
15,1448,1207.9,1503.4,1138.1,1467,1162
16,1435.9,1205.3,1491.2,1135.7,1454.9,1159.5
17,1372.5,930.9,1426.1,863,1392.5,887.8
18,1372.5,430.6,1417.5,362.7,1391.5,390.8
19,0,430.6,45,387.4,19,393.5
,,,,,,
95,,,,,,
,,,,,,
CRC Boston Red Line Metro Vehicle Clearance Calculation Report,,,,,,
,,,,,,
"Figure C.2.4.1 Deport,with wind,AW0,30kmph Results",,,,,,
,,,,,,
96,,,,,,
,,,,,,
CRC Boston Red Line Metro Vehicle Clearance Calculation Report,,,,,,
,,,,,,
Appendix D Station Platform Suspension,,,,,,
Fault Result,,,,,,
,,,,,,
"D.1  Platform, no wind,AW3,45.1kmph,Primary fault",,,,,,
,,,,,,
"Table D.1.1 Platform, no wind,AW3,45.1kmph,Primary fault KE",,,,,,
,,,,,,
NO.,,CE,,L Side KE,,R Side KE
,Y0,Z0,Y1,Z1,Y2,Z2
1,0,3850,84,3830.7,43.1,3847
2,50.9,3850,134.9,3830,94,3846.6
3,60.4,3800,143.7,3779.9,103.1,3796.5
4,284.5,3780.7,367.5,3757.5,327,3775.1
5,562.6,3718,644.8,3691,604.5,3709.7
6,924.4,3593.2,1004.9,3561.3,965.2,3581.5
7,1211.6,3463.9,1290.4,3428,1251.2,3449.5
8,1392,3357.1,1469.4,3318.8,1430.6,3341
9,1483,3228.1,1558.7,3188.5,1520.5,3211.2
10,1524,2082.3,1584.7,2042.2,1552,2062.8
10',1524,2082.3,1584.7,1991,1552,2011.6
11,1524,1742.7,1580.5,1651.4,1553,1672
12,1504.5,1618.7,1559.4,1527.7,1533.9,1548
13,1413,1236.9,1463.3,1249.4,1443.6,1230.5
14,1448,1236.9,1493.4,1249,1475,1229.3
15,1448,1207.9,1493.1,1118.3,1475.1,1138.1
16,1435.9,1205.3,1481,1115.9,1463,1135.4
17,1372.5,930.9,1419.3,841.6,1404.3,859.9
18,1372.5,430.6,1413.7,338.2,1407.4,379.4
19,0,430.6,41.2,354.7,34.9,369.2
,,,,,,
"Figure D.1.1 Platform,no wind,AW3,45.1kmph,Primary fault Results",,,,,,
,,,,,,
98,,,,,,
,,,,,,
CRC Boston Red Line Metro Vehicle Clearance Calculation Report,,,,,,
,,,,,,
"D.2 Platform, no wind,AW3,45.1kmph,Secondary fault",,,,,,
,,,,,,
"Table D.2.1 Platform, no wind,AW3,45.1kmph,Secondary fault KE",,,,,,
,,,,,,
NO.,,,,L Side KE,,R Side KE
,Y0,Z0,Y1,Z1,Y2,Z2
1,0,3850,91.9,3858.2,80.3,3854.8
2,50.9,3850,142.8,3857.3,131.2,3853.8
3,60.4,3800,151.5,3807.1,139.8,3803.6
4,284.5,3780.7,375.2,3783.9,363.6,3780.2
5,562.6,3718,652.2,3716.2,640.5,3712.3
6,924.4,3593.2,1011.9,3585,1000,3580.8
7,1211.6,3463.9,1296.8,3450.6,1284.9,3446.2
8,1392,3357.1,1475.4,3340.7,1463.3,3336
9,1483,3228.1,1564.1,3210,1552,3205.3
10,1524,2082.3,1585.6,2063.5,1572.5,2058.8
10',1524,2082.3,1585.6,1954,1572.5,1949.3
11,1524,1742.7,1580,1614.4,1566.6,1609.7
12,1504.5,1618.7,1558.4,1490.8,1544.9,1486
13,1413,1236.9,1460.8,1240.9,1446.9,1245.6
14,1448,1236.9,1491.9,1237.9,1479.9,1241.7
15,1448,1207.9,1491.5,1084.4,1479.4,1080.6
16,1435.9,1205.3,1479.3,1082,1467.2,1078.2
17,1372.5,930.9,1415.5,805.2,1407,822.4
18,1372.5,430.6,1407.8,301.4,1408.4,322.1
19,0,430.6,35.3,323.6,35.9,319.5
,,,,,,
99,,,,,,
,,,,,,
CRC Boston Red Line Metro Vehicle Clearance Calculation Report,,,,,,
,,,,,,
"Figure D.2.1 Platform,no wind,AW3,45.1kmph,Secondary fault Results",,,,,,
,,,,,,
100,,,,,,
